{
  "experiment": "ablation_topk",
  "phase": "4",
  "timestamp": "2026-03-29T00:41:42",
  "elapsed_sec": 1687.9377799034119,
  "config": {
    "k_values": [
      5,
      10,
      20,
      50
    ],
    "num_facts": 200,
    "seed": 42
  },
  "per_k_results": {
    "k5": {
      "k": 5,
      "n": 200,
      "mean": -0.00230920898666227,
      "std": 0.006834876553413429,
      "median": -0.002497561159543693
    },
    "k10": {
      "k": 10,
      "n": 200,
      "mean": -0.0032086348230586734,
      "std": 0.006840793071820109,
      "median": -0.0029036920750513673
    },
    "k20": {
      "k": 20,
      "n": 200,
      "mean": -0.004754119831304706,
      "std": 0.006941526535084563,
      "median": -0.004983154591172934
    },
    "k50": {
      "k": 50,
      "n": 200,
      "mean": -0.00689909454449662,
      "std": 0.007269481652315571,
      "median": -0.0072097196243703365
    }
  },
  "robustness": {
    "mean_tecs_across_k": -0.004292764546380568,
    "max_relative_variation": 0.6071448759782486,
    "robust": false
  },
  "git_commit": "890defb"
}