{
  "config_summary": "model=gpt2-xl, n_facts=200, phases=[1], retrieval=bm25, seed=42",
  "dry_run": false,
  "phases": {
    "1": {
      "phase": 1,
      "name": "Positive Control Experiments",
      "experiments": {
        "rome_self": {
          "status": "completed",
          "results": {
            "0.0": {
              "mean_tecs": 1.0012434244155883,
              "values": [
                1.0013328790664673,
                1.001202940940857,
                1.0011332035064697,
                1.0012600421905518,
                1.0011975765228271,
                1.0012738704681396,
                1.0009427070617676,
                1.001204490661621,
                1.0012439489364624,
                1.0011963844299316,
                1.0012425184249878,
                1.0010267496109009,
                1.0011982917785645,
                1.0013511180877686,
                1.0013595819473267,
                1.001288890838623,
                1.0012333393096924,
                1.0013068914413452,
                1.0011008977890015,
                1.001772165298462
              ]
            },
            "0.01": {
              "mean_tecs": 0.03127414872869849,
              "values": [
                0.0313870795071125,
                0.031431809067726135,
                0.03145503252744675,
                0.030758090317249298,
                0.031677063554525375,
                0.03149942681193352,
                0.03143063932657242,
                0.030932053923606873,
                0.030916791409254074,
                0.03136437013745308,
                0.030995506793260574,
                0.03162195906043053,
                0.03129096329212189,
                0.030958671122789383,
                0.03145028278231621,
                0.031306762248277664,
                0.031089909374713898,
                0.031109949573874474,
                0.031092390418052673,
                0.03171422332525253
              ]
            },
            "0.1": {
              "mean_tecs": 0.0031620521564036607,
              "values": [
                0.0029462259262800217,
                0.0028041733894497156,
                0.0030990364030003548,
                0.0032884213142096996,
                0.003103741444647312,
                0.0029942081309854984,
                0.0030249778646975756,
                0.0028122388757765293,
                0.003444830421358347,
                0.0033742983359843493,
                0.003525161650031805,
                0.002545855939388275,
                0.0034450527746230364,
                0.003121037036180496,
                0.003122065681964159,
                0.00325666437856853,
                0.0032774540595710278,
                0.0028661072719842196,
                0.0034766942262649536,
                0.0037127980031073093
              ]
            },
            "0.5": {
              "mean_tecs": 0.0006763412275176961,
              "values": [
                0.0009050822700373828,
                0.0007749507203698158,
                0.0012364055728539824,
                0.0010252081556245685,
                0.0006404826999641955,
                0.0006134611321613193,
                0.0007414559368044138,
                0.0008219753508456051,
                0.0007282066508196294,
                0.00048684742068871856,
                0.0005772484582848847,
                0.0006186467362567782,
                0.0007876435411162674,
                0.0004205921432003379,
                1.3555283658206463e-05,
                0.0009385874727740884,
                0.0006563564529642463,
                0.00022430445824284106,
                0.0005398173234425485,
                0.0007759967702440917
              ]
            },
            "1.0": {
              "mean_tecs": 0.00030018919860594904,
              "values": [
                0.0003206376568414271,
                -0.00019928219262510538,
                0.00017196687986142933,
                0.0009284422267228365,
                0.0003361125709488988,
                0.0004633855423890054,
                5.615239206235856e-05,
                0.0005686702788807452,
                9.529176168143749e-05,
                0.0004125615523662418,
                0.0006474328693002462,
                0.0006395027739927173,
                -0.0002685370563995093,
                0.00027716747717931867,
                0.000485821976326406,
                -9.58402524702251e-05,
                8.968461770564318e-05,
                0.000213815423194319,
                0.00045898789539933205,
                0.0004018095787614584
              ]
            }
          },
          "monotonic_decrease": true
        },
        "toy_model": {
          "status": "completed",
          "cohens_d": 0.16418200963552126,
          "p_value": 0.2512901089867945,
          "mean_tecs_real": 0.006321429135141443,
          "mean_tecs_null": 0.0006929742859210819,
          "ci": [
            -0.11486553364621815,
            0.4432295529172607
          ],
          "gate_passed": false
        },
        "related_facts": {
          "status": "completed",
          "num_relations": 34,
          "relation_sizes": {
            "P30": 6,
            "P190": 4,
            "P276": 5,
            "P495": 8,
            "P178": 7,
            "P1303": 6,
            "P740": 11,
            "P364": 2,
            "P17": 7,
            "P131": 10,
            "P449": 9,
            "P19": 13,
            "P937": 7,
            "P413": 7,
            "P103": 12,
            "P140": 2,
            "P127": 3,
            "P106": 12,
            "P1412": 8,
            "P20": 6,
            "P159": 4,
            "P27": 10,
            "P138": 3,
            "P101": 8,
            "P36": 2,
            "P641": 3,
            "P37": 9,
            "P39": 3,
            "P264": 1,
            "P176": 5,
            "P136": 4,
            "P407": 1,
            "P108": 1,
            "P463": 1
          },
          "note": "Full TECS computation deferred to Phase 3 (requires gradients)"
        }
      },
      "status": "completed"
    }
  },
  "timing": {
    "1": 59.66
  },
  "total_time_seconds": 59.66
}