{
  "experiment": "ext_memit_200",
  "phase": "5",
  "timestamp": "2026-03-29T05:37:53",
  "elapsed_sec": 1204.3617343902588,
  "config": {
    "memit_layers": [
      13,
      14,
      15,
      16,
      17
    ],
    "rome_edit_layer": 17,
    "num_facts_processed": 200,
    "seed": 42
  },
  "per_layer_results": {
    "L13": {
      "layer": 13,
      "mean": -0.0004804076530126622,
      "std": 0.0023290465408859528,
      "cohens_d_vs_null": -0.2049775017059427,
      "n": 200
    },
    "L14": {
      "layer": 14,
      "mean": -0.00044579601342775276,
      "std": 0.0023380952065705464,
      "cohens_d_vs_null": -0.1892605861982294,
      "n": 200
    },
    "L15": {
      "layer": 15,
      "mean": -0.0003977634446164302,
      "std": 0.002345995875313011,
      "cohens_d_vs_null": -0.1678644063696421,
      "n": 200
    },
    "L16": {
      "layer": 16,
      "mean": -0.00035912129480493606,
      "std": 0.0023462280684344227,
      "cohens_d_vs_null": -0.15144393456154834,
      "n": 200
    },
    "L17": {
      "layer": 17,
      "mean": -0.0003165413982605969,
      "std": 0.0042028515120005345,
      "cohens_d_vs_null": -0.07549772609547031,
      "n": 200
    }
  },
  "cross_layer": {
    "mean": -0.0003999259608244756,
    "std": 0.0023345820400227217,
    "cohens_d": -0.16954846728009232
  },
  "matched_layer": {
    "mean": -0.0003165413982605969,
    "std": 0.0042028515120005345
  },
  "git_commit": "890defb"
}