{
  "experiment": "gm_pc1_removal",
  "phase": "2b",
  "timestamp": "2026-03-28T20:56:39",
  "elapsed_sec": 844.6225206851959,
  "config": {
    "model": "gpt2-xl",
    "edit_layer": 17,
    "num_facts": 200,
    "seed": 42
  },
  "pc1_analysis": {
    "pc1_variance_ratio": 0.07016430795192719,
    "eff_dim_before": 84.49809265136719,
    "eff_dim_after": 90.766845703125,
    "eff_dim_increase": 6.2687530517578125,
    "top_5_singular_values_before": [
      0.4630279242992401,
      0.4128740429878235,
      0.27717354893684387,
      0.24466921389102936,
      0.2239932119846344
    ],
    "top_5_singular_values_after": [
      0.41287291049957275,
      0.27717483043670654,
      0.24464033544063568,
      0.22398966550827026,
      0.22233006358146667
    ]
  },
  "tecs_comparison": {
    "tecs_before_mean": -0.0032086348230586734,
    "tecs_before_std": 0.006840793071820109,
    "tecs_after_mean": -0.0031726011798673425,
    "tecs_after_std": 0.006862476424940926,
    "abs_tecs_before_mean": 0.005996432970168826,
    "abs_tecs_after_mean": 0.005981639205310784
  },
  "statistical_test": {
    "name": "|TECS_after_PC1_removal| vs |TECS_before|",
    "mean_real": 0.005981639205310784,
    "mean_null": 0.005996432970168826,
    "mean_diff": -1.4793764858040959e-05,
    "cohens_d": -0.026670054548799504,
    "t_stat": -0.37717152852142516,
    "p_value": 0.7064480499636707,
    "ci_95_low": -0.0001030828447010208,
    "ci_95_high": 4.6900950311282914e-05,
    "n": 200
  },
  "decision": {
    "eff_dim_increased": true,
    "tecs_increased": false,
    "interpretation": "PC1 removal did NOT increase TECS: the low alignment is not due to a dominant generic gradient component"
  },
  "git_commit": "890defb"
}