{
  "task_id": "negative_subspace_geometry",
  "mode": "negative_path_h7",
  "timestamp": "2026-03-17T21:05:20.267702",
  "elapsed_sec": 235.42971539497375,
  "config": {
    "n_facts": 100,
    "original_dim": 10240000,
    "reduced_dim": 199,
    "seed": 42,
    "k_values": [
      10,
      20,
      50
    ],
    "n_random_trials": 1000,
    "device": "cpu",
    "note": "Null distribution computed in joint subspace (dim=reduced_dim) which exactly preserves all subspace geometry since D and G have at most 100 rows each."
  },
  "subspace_properties": {
    "D_editing": {
      "effective_dimensionality": 40.81101989746094,
      "explained_variance_ratio": [
        0.05776998773217201,
        0.05054394155740738,
        0.04467379301786423,
        0.04242958500981331,
        0.039967991411685944,
        0.025864576920866966,
        0.02184981480240822,
        0.020885871723294258,
        0.020266931504011154,
        0.020053017884492874,
        0.019171394407749176,
        0.018931563943624496,
        0.018671490252017975,
        0.018605409190058708,
        0.018466878682374954,
        0.01838216744363308,
        0.017988746985793114,
        0.017831951379776,
        0.017709478735923767,
        0.01750507391989231,
        0.017369689419865608,
        0.017202945426106453,
        0.017116783186793327,
        0.01693841442465782,
        0.016802698373794556,
        0.01661987043917179,
        0.016461189836263657,
        0.016451718285679817,
        0.016339818015694618,
        0.016204742714762688,
        0.016104895621538162,
        0.015929872170090675,
        0.015879962593317032,
        0.015813251957297325,
        0.015670523047447205,
        0.015641583129763603,
        0.015586537308990955,
        0.015528671443462372,
        0.015329067595303059,
        0.01521218940615654,
        0.015149763785302639,
        0.015139230526983738,
        0.014955774880945683,
        0.014911691658198833,
        0.014847134239971638,
        0.014789517968893051,
        0.014714260585606098,
        0.014640356414020061,
        0.014558238908648491,
        0.014519909396767616
      ],
      "cumulative_variance": {
        "top_10": 0.34430551156401634,
        "top_20": 0.5275696665048599,
        "top_50": 0.999999969266355
      },
      "elbow_90pct": 44,
      "elbow_80pct": 37
    },
    "G_attribution": {
      "effective_dimensionality": 1.2058881521224976,
      "explained_variance_ratio": [
        0.9104941487312317,
        0.008518792688846588,
        0.006100078579038382,
        0.004814055748283863,
        0.004457565955817699,
        0.0033258881885558367,
        0.002870529890060425,
        0.00269079627469182,
        0.0024424931034445763,
        0.0024309123400598764,
        0.0023008957505226135,
        0.002194161294028163,
        0.0020826300606131554,
        0.001947283511981368,
        0.0018328340956941247,
        0.0017738492460921407,
        0.0017504278803244233,
        0.001702836831100285,
        0.0016501332866027951,
        0.0015645419480279088,
        0.0015050574438646436,
        0.0014837047783657908,
        0.001424291986040771,
        0.0013916444731876254,
        0.001383161055855453,
        0.0012936181155964732,
        0.0012741596437990665,
        0.0012276028282940388,
        0.0012032053200528026,
        0.001182115520350635,
        0.0011511844350025058,
        0.0011287986999377608,
        0.0011069298489019275,
        0.0010977309430018067,
        0.0010862931376323104,
        0.0010718178236857057,
        0.0010327518684789538,
        0.0010201333789154887,
        0.0010088474955409765,
        0.0009955611312761903,
        0.0009752945625223219,
        0.000954139162786305,
        0.0009312811307609081,
        0.0009207965922541916,
        0.0009044748730957508,
        0.0008939391118474305,
        0.0008732932037673891,
        0.0008605933981016278,
        0.0008447464788332582,
        0.0008280184119939804
      ],
      "cumulative_variance": {
        "top_10": 0.9481452615000308,
        "top_20": 0.9669448554050177,
        "top_50": 1.0000000422587618
      },
      "elbow_90pct": 1,
      "elbow_80pct": 1
    }
  },
  "singular_values": {
    "D": [
      11.659324645996094,
      10.905781745910645,
      10.252945899963379,
      9.992096900939941,
      9.697916030883789,
      7.801443099975586,
      7.170445442199707,
      7.01049280166626,
      6.90583610534668,
      6.869294166564941,
      6.716594219207764,
      6.674450397491455,
      6.628446102142334,
      6.616706371307373,
      6.592027187347412,
      6.576890468597412,
      6.506129741668701,
      6.477712631225586,
      6.455429553985596,
      6.418066501617432,
      6.393199920654297,
      6.3624396324157715,
      6.3464860916137695,
      6.3133320808410645,
      6.287988662719727,
      6.25368595123291,
      6.223760604858398,
      6.2219696044921875,
      6.200773239135742,
      6.175090312957764,
      6.156036853790283,
      6.122494697570801,
      6.112895488739014,
      6.100042343139648,
      6.072450637817383,
      6.066840648651123,
      6.056156158447266,
      6.044903755187988,
      6.005928039550781,
      5.982987880706787,
      5.970698833465576,
      5.968623161315918,
      5.93234920501709,
      5.923599720001221,
      5.910763263702393,
      5.899283409118652,
      5.8842549324035645,
      5.86945915222168,
      5.852974891662598,
      5.845264911651611
    ],
    "G": [
      4.697132110595703,
      0.4543423354625702,
      0.38446950912475586,
      0.3415464162826538,
      0.3286571502685547,
      0.28388863801956177,
      0.26373952627182007,
      0.2553492486476898,
      0.2432824969291687,
      0.2427050620317459,
      0.2361253798007965,
      0.23058362305164337,
      0.22464680671691895,
      0.21722449362277985,
      0.21074426174163818,
      0.20732541382312775,
      0.20595213770866394,
      0.20313310623168945,
      0.19996486604213715,
      0.19470979273319244,
      0.1909724473953247,
      0.18961292505264282,
      0.18577775359153748,
      0.18363621830940247,
      0.18307563662528992,
      0.17705053091049194,
      0.1757138967514038,
      0.17247380316257477,
      0.17075131833553314,
      0.16924823820590973,
      0.1670192927122116,
      0.16538740694522858,
      0.16377750039100647,
      0.16309556365013123,
      0.16224364936351776,
      0.16115903854370117,
      0.15819479525089264,
      0.15722538530826569,
      0.15635326504707336,
      0.15532027184963226,
      0.15373122692108154,
      0.1520547717809677,
      0.15022236108779907,
      0.1493743509054184,
      0.14804455637931824,
      0.14717978239059448,
      0.1454702615737915,
      0.14440864324569702,
      0.14307290315628052,
      0.14164921641349792
    ],
    "D_condition_number": 1.9946614503860474,
    "G_condition_number": 33.16031265258789
  },
  "principal_angles": {
    "k10": {
      "k": 10,
      "angles_degrees": [
        63.74079513549805,
        86.08821868896484,
        88.07106018066406,
        88.59502410888672,
        88.78031158447266,
        89.1285171508789,
        89.19192504882812,
        89.65787506103516,
        89.78072357177734,
        89.83177947998047
      ],
      "min_angle": 63.74079513549805,
      "max_angle": 89.83177947998047,
      "mean_angle": 86.28662300109863,
      "median_angle": 88.95441436767578,
      "std_angle": 7.587782870812565,
      "grassmann_distance": 4.780722618103027,
      "n_angles_below_45": 0,
      "n_angles_below_30": 0,
      "n_angles_below_15": 0
    },
    "k20": {
      "k": 20,